Date,Keyword,Comment_Text
2025-04-18,Alo Yoga,"That assumption IS pretty wild, and I've never heard evidence of Ciara being jealous, and I don't think that Ciara is jealous of Lexi whatsoever.   But you can't say ""what career"" about Lexi's if you don't know about her career.     Lexi previously been signed with the world's biggest agencies, she has campaigns with Frame Denim, Swarovski, Alo Yoga (which are HUGE athleisure brand and Lululemons only real competition in that market) just to name a few.    She's got 1.2M followers on Instagram, and had over a million before she even joined Summer House.   She's constantly posting ads she's done with different brands on her page.   Now, Ciara is absolutely STUNNING.... she's probably one of THE most beautiful women I've ever seen in my life -- Lexi is gorgeous, too!    They're both successful in their own right.  I just think it's a cheap and easy shot for people to claim that one is jealous of the other and vice versa."
2025-04-18,Alo Yoga,"What career??   Have you even checked out Lexi's career?  She's previously been signed with the world's biggest agencies, she has campaigns with Frame Denim, Swarovski, Alo Yoga (which are HUGE athleisure brand and Lululemons only real competition in that market) just to name a few.    She's got 1.2M followers on Instagram, and she's constantly posting ads she's done with brands on her page.   While I think Ciara is absolutely STUNNING, her modeling career kinda pales in comparison to Lexi's. 🤷‍♀️"
2025-04-19,Alo Yoga,"I got a 4th Arq crop top new without tags for €4, it’s not that big of a deal as they’re €35 new, so not designer or anything but it has to be the most comfortable thing I own! I keep wearing and washing it on repeat, it has a built in bra. I also got brown suede adidas spezials for €50, they’re sold out everywhere near me, they’re my favourite shoes at the moment. I have a collection of 4 colours of the only wide leg jeans that suit me, they’re Zara marine straights, all from Vinted. A 5th colour is on the way as we speak 😅 I got a Ralph Lauren Shirt dress for €10, it is beautiful. Got a Michael Kors knit jumper that looked like it had never been worn for €9. Two other great finds are on their way to me, G-star RAW coat for €9 (why does nobody know this brand?! I’m obsessed with the quality!!) and the kicker, ALO Yoga black leggings for €10!!! All of my purchases bar 2-3 have been massive successes. I have a bit of an obsession I think 🤔"
2025-04-19,Alo Yoga,"Location: Germany 🇩🇪  (shipping to France 🇫🇷 and Italy 🇮🇹)  Username: aromeral (https://www.vinted.de/member/67898263-aromeral)  Selling: women‘s clothing, (argentine leather) bags, ans shoes 🌸  Brands: Levi’s, Ralph Lauren, H&amp;M, Alo Yoga, Diane von Furstenberg, Needle &amp; Thread, BOSS, and much more…   Bundle discounts and fast shipping. 🚚 Open to price offers. 💰"
2025-04-19,Alo Yoga,"I have a very separate set of clothes for work and childcare. In our house, whoever is leaving for work doesn't do childcare after showering/ changing. I also change as soon as I get home. For childcare I wear Alo yoga sweatpants and t-shirts (I like Petit Bateau). Lululemon has some good lounge wear for running after toddlers."
2025-04-19,Alo Yoga,"Not sure your budget or her interests so here’s some general ideas:  Fitbit, some nice workout gear like Lululemon or Alo, a Classpass if they have them for your area (basically a gift card that lets you try different fitness classes), gym membership or passes for a trendy yoga or barre or Soul Cycle classes, cute workout gear from Bala— they make great arm weights for instance, Peach Bands (resistance bands to exercise with), a walking treadmill she can use indoors, a subscription for Apple Fitness or Peloton fitness classes to do home workouts, a new gym bag with practical pockets (Lululemon makes great ones), a Nutribullet to make smoothies with, healthy food cookbook/calorie tracker journal, a bicycle, swimming goggles/gear if she swims, Apple Watch/arm band if she runs, fitness headbands, grippy yoga socks/yoga mat/yoga blocks if she likes yoga or Pilates, subscription to a fitness magazine for inspiration, personal trainer lessons."
2025-04-20,Alo Yoga,"I remember that one!!! Everyone was like “just do findom, it’s easy” and then downvoted me to hell for saying it’s not. It’s a bunch of onionhead girls in head to toe alo yoga just DESPERATELY wanting to be “cool” over there. The low effort posts are driving me crazy, and this post has endeared me more to the general bwt sub, so you’ll probably see me commenting more over here now!"
2025-04-21,Alo Yoga,"This is the off duty cap.  Alo hats DO HAVE middle seams. There are so many styles over the years.  If you have been buying from Alo yoga for years you would know.   Honestly alo quality is so bad it's hard to tell, they have more than one warehouse so there's also inconsistency. I did compare your hat to my off duty cap I bought a few months ago and it is the exact same except the tag.  However, the tag used to long like that. Could be older.  On the velcro, is it kind plasticky looking?    Its hard to tell, but from the million all items and hats I have bought over the years this is most likely legit.   Y'all are a ting like Alo isn't fast fashion and artisan sewn 🤔🫠"
2025-04-21,Alo Yoga,Beyond yoga makes my favorite leggings ! I think they hold up better than alo or lululemon
2025-04-22,Alo Yoga,"Saaaaame 🤣 Btw I swear I got an Alo Yoga (with the logo!) bag, 2 Birkins, a YSL &amp; 2 Goyard bags from SHEIN.   Wonder how those who paid full price feel now 🙄   ✨Shop Smart✨"
2025-04-22,Alo Yoga,"Girl, I felt this in my soul — “damp fear burrito” took me OUT.  Okay, here’s my anti-funk survival kit from one sweaty sister to another:  1. Deodorant duo: I layer Certain Dri at night (clinical strength) and top it off with Lume or Donna Karan Cashmere Mist before class. Lume smells weird in the bottle but neutralizes funk like a sorceress.  2. Breathable gear: Honestly, Nike Dri-FIT and Under Armour HeatGear tops are better at sweat-wicking than my emotional support hoodie is at comforting me. Lululemon’s cute but sometimes traps funk like it’s got a side hustle in scent retention.  3. Leggings tip: Try merino wool blend or seamless designs — they don’t trap heat or smells. I like Wolaco or Alo Yoga Airlift for not turning into a sauna sleeve.  4. Pre-class prep: Wipe down with SweatBlock body wipes. Also, apply baby powder or anti-chafe balm between thighs, under boobs, wherever funk brews.  5. Laundry hacks: Wash your gear in white vinegar and baking soda every couple weeks. Add a scoop of Rockin’ Green Active Wear detergent if your clothes still smell like regret.  And lastly, don’t be too hard on yourself — you’re not funky, you’re just working harder than most. That gym funk is just your crown in sweat form."
2025-04-22,Alo Yoga,"I’ve had to stop working out during 2nd and 3rd trimester of pregnancy because of placenta previa and some minor bleeding incidents. I was really planning to have as fit a pregnancy as possible and keep doing some strength training throughout, but  I’ve really only able to do some light walking, that’s restricted to around 3mi a few times a week. I’m 34 weeks right now and looking forward to giving birth so and recovery so I can get back to doing some exercise and possibly physical therapy to get back on track. It’s really stressful and depressing not to be able to do any usual fitness classes and routines. However, I’ve come back from sports injuries, gym closing during the pandemic, and a back injury in 2022, so I know there’s light at the end of the tunnel and I’ll be getting plenty of steps in with the stroller this summer once baby is acclimated to it.   If you really have been much less active than before during your “break”, I would suggest adding some more challenging cardio of longer duration and starting out with strength training at a lower frequency than you did before. If your flexibility and endurance is not at the same level base level as before you will probably end up with a lot of aches and pains and possibly DOMS ( if you are prone to it) when you restart and that is pretty miserable and can set you back further. I really dislike yoga, pilates, and barre ( feels boring to me) but if you’re restarting a more intense program doing some classes to build up strength and flexibility using body weight can also be helpful in the transition.   Don’t worry too much about how your workout clothes fit- plenty of inexpensive options on amazon for sports bras and leggings. Although I do love Alo , Lululemon and Beyond Yoga. I’ve just been getting the CRZ yoga and Syrokan brands in a larger size and they are surprisingly good-looking for the price - generally people look slimmer and more for in clothes that fit properly than ones that they are squeezing into."
2025-04-22,Alo Yoga,Alo yoga! They are the 7/8 pants!
2025-04-23,Alo Yoga,"I've tried a ton of different brands, and my current favourite is Athleta. They are priced better than Lululemon/Alo, and the quality is fantastic. I really love their interval high rise leggings and shorts, good compression and don't roll at the waistband.  I used to buy the Lululemon Wunder Train shorts, but I haven't purchased them in several years since I switched to Athleta. I'm happy with the pairs I own, but I've heard their quality has gone down over the past few years. Avoid anything Align IMO if you are doing anything more aggressive than lounging or light yoga, the Align fabric pills so bad."
2025-04-23,Alo Yoga,"i have looked at it and i find it to be pretty accurate, if not slightly small. where i’d be an S (2 or 4) at most (american) apparel retailers (nike, target, or alo yoga for reference), i am a 6 or 8 at lululemon (waist 27”). especially their sports bras. i don’t have much for a chest but i find the 8 to be the most comfortable. i once bought the align v-neck bra in a 4 and hated the way it fit/squished, gave it to a friend."
2025-04-23,Alo Yoga,Repplugz.com  All supplier bundle  Also includes ALO yoga
2025-04-23,Alo Yoga,Athleta Alo-Yoga Zella Nike Adidas Under Armour Fabeln prAna New Balance Vuori Puma …
2025-04-24,Alo Yoga,Late to this thread but I too am looking for alternatives. I tried on a pair of Alo Yoga’s Alosoft pants and they were very similar. But also around the same price 😱
2025-04-24,Alo Yoga,"ok, my update on Berlook. nice thick material, i'm not a huge fan of their leggings though, not high waisted enough &amp; gave me major camel toe. The tops are super cute, though warning, they run small. I got a L in a bra top and it fit like a Small. They do not carry over size L. I normally wear a size M in bra tops because I don't like them to be too tight. They have some really cute tank tops but alas, they don't go over Mediums.   It's hit &amp; miss I suppose. I did not think i would end up liking the tops as much as I did! I won't be buying anymore leggings from them though...i'lll stick to alo, beyond yoga &amp; lulus."
2025-04-25,Alo Yoga,"Es kommt da denke ich echt drauf an in welcher Stadt du bist.   In Berlin fand ich die Frauen Gyms und Gemischten Gyms haben sich nicht viel voneinander unterschieden. Bei beiden hat jeder sein Ding gemacht und man hat den anderen gar nicht beachtet.   Motivation muss man da denke ich ganz klar bei sich selbst finden, da man ja praktisch in seiner Bubble trainiert.   Jedoch muss ich sagen, dass die gemischten Gyms in etwas kleineren Städten dazu tendieren was unangenehm zu sein. Vielleicht ist’s nur meine Auffassung, aber ich hab das Gefühl, dass man die ganze Zeit angestarrt wird.  Außerdem scheint unter den Frauen nicht direkt der netteste vibe zu sein. Abbbbbeeerrrr ich hab bisher nur 1-2 mal den Gym in der kleineren Stadt probiert.   Kleidung juckt eh niemanden. Sportsachen sind Sportsachen. Man sieht immer Leute die ihr Hoodie, T-Shirt oder Tanktop vollschwitzen.  Ist jetzt kein Lululemon/Alo Yoga Verein.  Muss jedoch dazu sagen, dass Frauen in Frauen Gyms schon dazu tendieren sich etwas spezieller zu kleiden.  Im Sommer hat man schon die ein oder andere gesehen, die sich ihren Bauch mit Frischhaltefolie doppelt und dreifach eingewickelt hat. Idk ob das Standard ist."
2025-04-25,Alo Yoga,"I try my damndest not to shop anywhere that is willing to partner with Brooke. Unfortunately sometimes I still have to use Prime and Walmart, but if I can get it elsewhere I do. She’s also partnered with:  Kinder Joy (and no I won’t buy my kids those eggs anymore no matter how much they beg)  Best Buy- I refuse to shop here  Walmart  Amazon  Elmer’s Glue  Stanley  PinkBlush Maternity  Alo Yoga"
2025-04-25,Alo Yoga,#aloyoga #alo #yoga #aloyogasocks
2025-04-25,Alo Yoga,"manduka, alo yoga, liforme. decathlon does some pretty decent ones if you want something less pricey than the first 3. mandukas will last a lifetime though. search the yoga sub and you'll find lots of information there."
2025-04-25,Alo Yoga,Do you sell Alo Yoga clothing?
2025-04-25,Alo Yoga,W2C： Miumiu set : https://weidian.com/item.html?itemID=7455024648  alo yoga set : https://weidian.com/item.html?itemID=7449645106  RL tee : https://weidian.com/item.html?itemID=7453124045  Chrome hearts tee : https://weidian.com/item.html?itemID=7452623529  Ami shirt :   https://weidian.com/item.html?itemID=7432547316  Sandals :  https://weidian.com/item.html?itemID=7440965589  Socks : https://weidian.com/item.html?itemID=7444808367
2025-04-25,Alo Yoga,W2C： Miumiu set : https://weidian.com/item.html?itemID=7455024648  alo yoga set : https://weidian.com/item.html?itemID=7449645106  RL tee : https://weidian.com/item.html?itemID=7453124045  Chrome hearts tee : https://weidian.com/item.html?itemID=7452623529  Ami shirt :   https://weidian.com/item.html?itemID=7432547316  Sandals :  https://weidian.com/item.html?itemID=7440965589  Socks : https://weidian.com/item.html?itemID=7444808367
2025-04-25,Alo Yoga,W2C： Miumiu set : https://weidian.com/item.html?itemID=7455024648  alo yoga set : https://weidian.com/item.html?itemID=7449645106  RL tee : https://weidian.com/item.html?itemID=7453124045  Chrome hearts tee : https://weidian.com/item.html?itemID=7452623529  Ami shirt :   https://weidian.com/item.html?itemID=7432547316  Sandals :  https://weidian.com/item.html?itemID=7440965589  Socks : https://weidian.com/item.html?itemID=7444808367
2025-04-25,Alo Yoga,"Reigning champ, ten thousand, uvu (sizing is all over), janji, Vuori is ok, Alo yoga sucks, 424 represent stuff is pretty interesting, don’t sleep on arcteryx running gear, RVCA have some cool athletic wear, north face is cheap af rn, patagucci is obviously a go to, fantastic warranties as well."
2025-04-26,Alo Yoga,Yes you can also chat Alo yoga customer care online and ask for a price adjustment and they’ll refund to your original payment method
2025-04-26,Alo Yoga,"Hey so I bought some items hours before the sale began in store and saw the 30% last night lol. My sis also bought me birthday gifts lol. Anyhow if you chat Alo yoga customer support , and provide them with your full name, email address and order #, they will submit a request for a refund and it’ll be returned to the original payment method. I just did it for my yesterday’s in store purchase and I tried to get a refund to my sister but they said the original purchaser needs to contact them. So I passed on the info to my sis. So my husband will get like $60 refund to his credit card and my sis will also get $60 refund to her credit card. A total of $120 in savings. I tried to get a gift card to myself but they don’t do that unfortunately for me but good news for my hubby and sis lol 😂"
2025-04-27,Alo Yoga,"College degree(s) and lifeguard certs are nice. You should have a passport as well and list that on your resume. The biggest factors screened for are discretion, experience, and presentation.   Discretion: NDAs are routine and it would be considered bad taste to have say a boyfriend drop you off at the house. (I’ve heard stories). If you act overly excited about things like traveling private or even just getting a call back to interview with the parents it can be a turn off.   Experience: having references available for families of a similar background is important. You should fit in seamlessly to their lifestyle and understand the social norms.   Presentation: the go to I see for UHNW nannies is dark or neutral, modest, athletic wear if they’re younger. Think lululemon or alo yoga with sneakers, and a fitted tee. No mid riff, no cleavage. If they’re older they tend to dress more like a fun grandma. Additionally I would throw in that it’s expected to have newer, reliable transportation. They don’t want to hear about a car breaking down etc. stuff like that isn’t on their radar of things they want to think about. Even if you are driving the kids around in their cars they likely won’t want random people dropping you off at their house (if they’re public figures)."
2025-04-27,Alo Yoga,Alo Yoga  https://www.aloyoga.com/products/m3204r-torrent-overshirt-gravel-1?
2025-04-27,Alo Yoga,"I work from home so mainly athleisure (old navy, athleta, amazon, alo yoga etc.) for jeans i like brands paige and mother. Tops i like abercrombie, jcrew, uniqlo"
2025-04-27,Alo Yoga,Allsaints   Alo Yoga   Amanda Uprichard   Blanc Noir   Black Halo   BlanNYC   BeachLunchLounge   Beach Riot   Bec &amp; Bridge   Bishop &amp; Young   Calleen Cordero   Cinq a Sept   Cleobella   Driftwood   DVF   Etienne Marcel   Farm Rio   For Love and Lemons   FRNCH   Frye   HaleBob   Hemant and Nandita   Hobo   InCashmere   Jeffrey Campbell   J.O.A.   LoveShackFancy   Mara Hoffman   Milly   Minnie Rose   My Tribe    Nanette Lepore   Only Hearts   Pat Bo   Pia Pauro   Rag &amp; Bone   Raga   Rebecca Taylor   Shoshanna   Show Me Your Mumu   Spiritual Gangster   Stuart Weitzmen   Tart Collections   Three Dots   Z Supply
2025-04-27,Alo Yoga,Thank you! Lol Alo yoga clothing is so cute but not very warm so I did a lot of layers
2025-04-27,Alo Yoga,Jimmy with a whole ass ALO Yoga fit. Are men doing okay or
2025-04-28,Alo Yoga,support@aloyoga.com This is the email address for Alo Yoga customer care but Their online chat is faster via their website
2025-04-28,Alo Yoga,I’m pretty and want an alo yoga set gimme
2025-04-28,Alo Yoga,"This Seller I think has Lululemon, I am talking to him about Alo Yoga pieces seller +86 189 3393 5939"
2025-04-28,Alo Yoga,"Really looking for this knitted sets from Alo Yoga, also the dresses!  https://preview.redd.it/ec9miecnjmxe1.png?width=750&amp;format=png&amp;auto=webp&amp;s=de6eb403901db16ef9c8338350d6cbe89bc5fd0b"
2025-04-28,Alo Yoga,"I usually stay with the tried and true, Lululemon, although I do have some Alo and VS athletic wear.  I wouldn’t recommend VS athletic wear for hot yoga though. Too thick. I usually just wear it to yin."
2025-04-28,Alo Yoga,Thinking about ordering Alo Yoga and/or Lululemon reps from Didi - has anyone else tried reps of these brands? Any tips? I’ve never bought rep clothes before!  From Didi’s album:  https://preview.redd.it/fw1d6u74kkxe1.png?width=1178&amp;format=png&amp;auto=webp&amp;s=84e0158b8fb3b342a3602c679af7e1299110c34a
2025-04-28,Alo Yoga,"not sure if this is allowed but if it is, does anyone know where to get alo yoga rep clothes? 👀"
2025-04-28,Alo Yoga,Uniqlo and Alo yoga have lightweight athletic pants that look like work pants right now.
2025-04-28,Alo Yoga,"You could also check out travel outfits on Pinterest for comfy pulled together looks.   I looove the athletic brands who are now doing trousers like Alo Yoga trousers. They look more polished but are almost as comfy as sweats.   Old Navy, Abercrombie and Aritzia all have simple t-shirts and long sleeve shirts in various shades - choose the colors that go with most of your closet.  And to add a little extra polish, add a cute necklace. I like my simple gold charm necklaces. Earrings can help too."
2025-04-29,Alo Yoga,I’ve been buying more and more grey lately haha last week the grey accolade skirt! And thinking of the grey sweetheart bra top to match but I don’t know I get too carried away when it comes to Alo yoga clothing sometimes 🤣
2025-04-29,Alo Yoga,Very nice but why alo yoga?   I thought no one knew that brand here in europe
2025-04-29,Alo Yoga,"Hello u/Front-Ad-3256. If your post [Alo Yoga Promo Code: 30% OFF SITEWIDE](https://www.reddit.com/r/promocode/comments/1kag3ya/alo_yoga_promo_code_30_off_sitewide/) appears as it should in the community feed please disregard this message.  If your post does not appear in the community feed you may have triggered one of our community filters, or one of Reddits sitewide filters.   There is also a chance your account may be shadowbanned. To check whether you are shadowbanned or not visit https://www.reddit.com/appeals and if it mentions you cannot submit an appeal then good news, you are not shadowbanned!        *I am a bot, and this action was performed automatically. Please [contact the moderators of this subreddit](/message/compose/?to=/r/promocode) if you have any questions or concerns.*"
2025-04-29,Alo Yoga,"Hello u/Front-Ad-3256. Thanks for contributing your post [Alo Yoga Promo Code: 30% OFF SITEWIDE](https://www.reddit.com/r/promocode/comments/1kag3ya/alo_yoga_promo_code_30_off_sitewide/) to /r/promocode.  Check out the other subreddits in our network of communities for more chances to earn:     * r/MoneyMaking      * r/ReferralNotReferal      * r/MakeMoneyOnlinefree     * r/EarningOnline     * r/makingmoney     * r/OnlineMoneyMaking     * r/Free_Paypal_Money     * r/WaysToMakeMoneyOnline      *I am a bot, and this action was performed automatically. Please [contact the moderators of this subreddit](/message/compose/?to=/r/promocode) if you have any questions or concerns.*"
2025-04-30,Alo Yoga,"Yea keyword “accessible” which just turns into a vicious cycle of the addictiveness of posting selfies, showing videos of your latest fashion haul, and what I’ve been saying: it’s just so important to people in their lives and almost too important. Back in the old days well knowing and seeing what people did or wore wasn’t easily accessible unless you were in the same room. Like for instance guy or girl buys alo yoga clothes and then makes priority to visit nice rich coffee shop in those alo yoga clothes to show off and model them or said guy or girl goes to gym strictly to take pictures of how they look and show off their ‘fit on Instagram …like what happened to society. This is what people prioritize nowadays and it’s ridiculous"
2025-04-30,Alo Yoga,"Leather shoes: look to r/goodyearwelt  Denim: look to r/rawdenim, a few chinese brands work in this space as well but only pre-tariff (sauce zhan, red tornado, bronson mfg, etc.)  Dressy items: ebay for anything above 1k being auctioned slightly used for far below the oem price tag, particularly favor Ring Jacket and spier and mackay for the former due to fit and the latter due to pricing. Honestly, this comes down to preference and tailor.  Sweaters: mostly anything UK or EU. Its very competitive at each price bracket. I like SNS herning but howlin, harleys, etc. are all equally good.  Sportswear: lulu lemon. I think it’s a step above vuori. Alo is not worth mentioning, i have heard rumors that Alo is sourcing t shirts from their cheap wholesale brand per the shift fashion youtuber that analyzes clothing quality. I have used crz yoga which is a chinese dupe brand and found it reasonably good for the price (though most certainly not a replacement)  Mall brands i like: j crew and uniqlo. Very rarely banana republic."
2025-04-30,Alo Yoga,lululemon is 100% worth it. i also recommend crz yoga on amazon. similar but not a replacement for lulu. i also like aritzia’s activewear its more affordable than lululemon and good quality! i have some sets from alphalete and gymshark i haven’t worn since i was a hardcore gym rat but i think the quality has gone down. aurola on amazon is a good brand for gym shorts.   alo is not worth the money to me. i’ve also heard fabletics is good from many of my friends.  has anyone tried dfyne?
2025-04-30,Alo Yoga,W2C： Unknown tee : https://weidian.com/item.html?itemID=7450088795 Lululemon jacket : https://weidian.com/item.html?itemID=7451938812 Rhude shirt : https://weidian.com/item.html?itemID=7452601277 Rhude pants: https://weidian.com/item.html?itemID=7423261790 alo yoga cap : https://weidian.com/item.html?itemID=7438442408 Patagonia cap : https://weidian.com/item.html?itemID=7447172842 Kobe : https://weidian.com/item.html?itemID=7335480705 Supreme shoes : https://weidian.com/item.html?itemID=7430237594 WS: + 44 799 99 51248
2025-04-30,Alo Yoga,W2C： Unknown tee : https://weidian.com/item.html?itemID=7450088795 Lululemon jacket : https://weidian.com/item.html?itemID=7451938812 Rhude shirt : https://weidian.com/item.html?itemID=7452601277 Rhude pants: https://weidian.com/item.html?itemID=7423261790 alo yoga cap : https://weidian.com/item.html?itemID=7438442408 Patagonia cap : https://weidian.com/item.html?itemID=7447172842 Kobe : https://weidian.com/item.html?itemID=7335480705 Supreme shoes : https://weidian.com/item.html?itemID=7430237594 WS: + 44 799 99 51248
2025-04-30,Alo Yoga,W2C： Unknown tee : https://weidian.com/item.html?itemID=7450088795 Lululemon jacket : https://weidian.com/item.html?itemID=7451938812 Rhude shirt : https://weidian.com/item.html?itemID=7452601277 Rhude pants: https://weidian.com/item.html?itemID=7423261790 alo yoga cap : https://weidian.com/item.html?itemID=7438442408 Patagonia cap : https://weidian.com/item.html?itemID=7447172842 Kobe : https://weidian.com/item.html?itemID=7335480705 Supreme shoes : https://weidian.com/item.html?itemID=7430237594 WS: + 44 799 99 51248
2025-04-30,Alo Yoga,W2C： Unknown tee : https://weidian.com/item.html?itemID=7450088795 Lululemon jacket : https://weidian.com/item.html?itemID=7451938812 Rhude shirt : https://weidian.com/item.html?itemID=7452601277 Rhude pants: https://weidian.com/item.html?itemID=7423261790 alo yoga cap : https://weidian.com/item.html?itemID=7438442408 Patagonia cap : https://weidian.com/item.html?itemID=7447172842 Kobe : https://weidian.com/item.html?itemID=7335480705 Supreme shoes : https://weidian.com/item.html?itemID=7430237594 WS: + 44 799 99 51248
2025-04-30,Alo Yoga,W2C： Unknown tee : https://weidian.com/item.html?itemID=7450088795 Lululemon jacket : https://weidian.com/item.html?itemID=7451938812 Rhude shirt : https://weidian.com/item.html?itemID=7452601277 Rhude pants: https://weidian.com/item.html?itemID=7423261790 alo yoga cap : https://weidian.com/item.html?itemID=7438442408 Patagonia cap : https://weidian.com/item.html?itemID=7447172842 Kobe : https://weidian.com/item.html?itemID=7335480705 Supreme shoes : https://weidian.com/item.html?itemID=7430237594 WS: + 44 799 99 51248
2025-04-30,Alo Yoga,W2C： Unknown tee : https://weidian.com/item.html?itemID=7450088795 Lululemon jacket : https://weidian.com/item.html?itemID=7451938812 Rhude shirt : https://weidian.com/item.html?itemID=7452601277 Rhude pants: https://weidian.com/item.html?itemID=7423261790 alo yoga cap : https://weidian.com/item.html?itemID=7438442408 Patagonia cap : https://weidian.com/item.html?itemID=7447172842 Kobe : https://weidian.com/item.html?itemID=7335480705 Supreme shoes : https://weidian.com/item.html?itemID=7430237594 WS: + 44 799 99 51248
2025-04-30,Alo Yoga,W2C： Unknown tee : https://weidian.com/item.html?itemID=7450088795 Lululemon jacket : https://weidian.com/item.html?itemID=7451938812 Rhude shirt : https://weidian.com/item.html?itemID=7452601277 Rhude pants: https://weidian.com/item.html?itemID=7423261790 alo yoga cap : https://weidian.com/item.html?itemID=7438442408 Patagonia cap : https://weidian.com/item.html?itemID=7447172842 Kobe : https://weidian.com/item.html?itemID=7335480705 Supreme shoes : https://weidian.com/item.html?itemID=7430237594 WS: + 44 799 99 51248
2025-04-30,Alo Yoga,I just wear athletic shorts with the right fabric - like a lululemon or alo yoga tech fabric. No liner needed
2025-05-01,Alo Yoga,"I like it since it seems like a lot of people go on it... for the brands that I buy and sell anyway. Mostly mainstream stuff like Lululemon, Alo Yoga, kids' clothing, Nike, Adidas, etc. Also had some good luck selling bags, even smaller bag brands. You just have to accept that people will lowball a lot and you'll lose a lot on fees but I do like the seller/buyer protection they have on there."
2025-05-01,Alo Yoga,"I caved and bought one Rhode lip tint (it was mid and too pricey).   I’d say it did more in terms of brand awareness. Apart from the Rhode lip tint it introduced me to a lot of brands I didn’t know existed before getting into F1 and F1 WAGS.   I now know that ALO Yoga, APM, Mehski, Rat and Boa etc exist.   It also made other brands that I wasn’t thinking about that much like Charlotte Tilbury seem “hipper” to me.   It made me view Rhode as more trendy, and as a a must have item, instead of just another celebrity makeup brand. It made me buy Rhode even though I’m usually opposed to buying celebrity makeup brands, because they’re expensive and make m feel cheap, whereas I can also buy eg MAC for the same price and not feel “cheap”."
2025-05-01,Alo Yoga,These same women will go to the gym in the tightest alo yoga pants that are basically painted on and proceed to do one of two exercises
2025-05-02,Alo Yoga,How much is the alo yoga leggings cost?
2025-05-02,Alo Yoga,Nvm I misread it as Alo like the yoga place
2025-05-02,Alo Yoga,"The worst!! There’s a special place in hell for these people who intentionally harm others. I live in the area and since this happened to a friend I’ve started to take a few precautions   1. I don’t leave the house without pepper spray or a butterfly knife  2. I don’t wear over the ear headphones or walk looking down at my phone  3. I don’t dress cute in a trendy alo yoga set with  David Yurman / van cleef jewelry that’s visible  4. If I have a garment bag, or anything with a label on it, I bag it in a big baggu bag or trash bag to disincentivize myself as a target    Unfortunately this is a big business, preying on naive Williamsburgers and won’t stop and the police won’t do anything so these steps I’ve taken have made me feel more safe!  Basically just dress like Adam Sandler and look like a bum and don’t carry around nice shit that ppl can try and snatch"
2025-05-02,Alo Yoga,Makes me think of alo yoga which is already a huge athleisure brand  https://preview.redd.it/5y9dw4tcxdye1.jpeg?width=400&amp;format=pjpg&amp;auto=webp&amp;s=8d71403031a0c023fcc27d91283fd46b27563d1b
2025-05-02,Alo Yoga,maybe yoga pants like alo yoga? or skims loungewear vibes?  i’m obsessed with the super soft fabrics they have
2025-05-02,Alo Yoga,I just brought a [north face](https://www.theiconic.com.au/1996-retro-nuptse-jacket-2347790.html?utm_source=google&amp;utm_medium=au_sem_nonbrand&amp;utm_content=&amp;utm_campaign=AU_Sports_PMax_PG_Iconic_Google_New&amp;utm_term=&amp;gclsrc=aw.ds&amp;gad_source=1&amp;gad_campaignid=21712299991&amp;gbraid=0AAAAADxWFGUJfay65YX0bd8M55cA286zj&amp;gclid=Cj0KCQjw2tHABhCiARIsANZzDWr3DiUlV3fWJ7n2zAEVqoMrsmhwMZTnzzxQ2FTW9WRegwyXMKY2NT0aAipUEALw_wcB) puffer in brown but I also liked this [Alo Yoga](https://www.aloyoga.com/en-au/products/w4380r-gold-rush-puffer-espresso?variant=43766321381556&amp;country=AU&amp;utm_medium=cpc&amp;utm_source=google&amp;utm_campaign=PPC_GOOG_Shopping_INT_PMax_BestSellers_Australia&amp;utm_content=pla&amp;utm_term=W4380R040643&amp;utm_id=20708764733&amp;gad_source=1&amp;gad_campaignid=20712646279&amp;gbraid=0AAAAADkcv-MwYTEBWnpdRe7Ieolw7t_Ba&amp;gclid=Cj0KCQjw2tHABhCiARIsANZzDWpRIQesDzvY81fCe5_i28kLXDXt7OS2VHAdck6Z2Y7_7bx-e1QVTUsaApaIEALw_wcB) one
2025-05-02,Alo Yoga,I love it!     Yoga was originally very anti-waste before Alo/Lulu. Maybe she's still shopping around for a mat and wants to try a few.
2025-05-02,Alo Yoga,Here you go 😊   ICON    Choice: [  ] KOSAS Blush is life $29 [  ] DRUNK ELEPHANT D-Bronzi Drops $38 [  ] THE ROOTIST BioBrew Fermented Leave-in Hair Serum $48    Pick: [  ] DERMALOGICA Daily Microfoliant $68 [  ] NATASHA DENONA Bronze Eyeshadow Palette $69 [  ] MAKEUP BY MARIO SurrealSkin Awakening Concealer $29  [  ] FIRST AID BEAUTY Retinol Complex Serum  [  ] ALO YOGA SKINCARE Magnesium Reset Spray $48 [  ] OLEHENRIKSEN Glow2OH Dark Spot Toner $35 [  ] 111SKIN Anti Blemish Booster $114 [  ] BOBBI BROWN Precise Brow Pencil $25 [  ] MAKEUP BY MARIO Moisture Glow Lip Serum $24 [  ] ORIGINS Youthtopia Peptide Plumping Apple Cream $54 [  ] JOOY Soothing Scalp Serum $48 [  ] PEAR NOVA Eye Duo Stick Shadow + Liner Set $44.50 [  ] BY/ROSIE JANE Leila Lou Perfume $80 [  ] BEAUTYSTAT Universal Triple Action Daily Peel $29 [  ] PATRICK TA Major Skin Crème Foundation &amp; Finishing Powder Duo $52 [  ] VACATION INC Chardonnay Oil SPF 30 $22 [  ] POLITE SOCIETY B.I.G Mouth Lip Plumping Oil Gloss $27
2025-05-02,Alo Yoga,A few duplicates but that's just a risk you take when buying more than 1 Box 😏  I love Elemis &amp; my mom really loves that eye cream so I can give her 1. Definitely not happy with 2 Pear Nova Eye Duos ☹️ I can live with 2 Rodial Lippies lol I chose 2 of the By/Rosie perfumes because I love By/Rosie lol I actually have a travel size of it and love it. Will be giving 1 to my mom as well 😊  BOX 1:  POWER  PICKS:  -BEAUTYSTAT Universal Triple Action Daily Peel   -ELEMIS Peptide4 Eye Recovery Cream   -NATASHA DENONA Bronze Eyeshadow Palette   -PEAR NOVA Eye Duo Stick Shadow + Liner   -RODIAL Plumping Collagen Lip Oil  CHOICE:  -ALO YOGA SKINCARE Magnesium Reset Spray   -MAKEUP BY MARIO MoistureGlow Plumping Lip Serum in Petal Glow  -BY/ROSIE JANE Leila Lou Eau de Parfum   BEAUTY BOOST:  -MURAD Retinol Resculpt Eye Treatment     BOX 2:  POWER PICKS:  -ELEMIS Peptide4 Eye Recovery Cream   -JOOY Soothing Scalp Serum   -OLEHENRIKSEN Glow2OH Dark Spot Toner   -PEAR NOVA Eye Duo Stick Shadow + Liner   -RODIAL Plumping Collagen Lip Oil  CHOICE:  -THE ROOTIST BioBrew Fermented Leave-in Hair Serum   -DRUNK ELEPHANT D-Bronzi Drops   -BY/ROSIE JANE Leila Lou Eau de Parfum
2025-05-03,Alo Yoga,"Thank you!! 💕 That set is from Alo, I usually get my stuff from there, Lululemon, Athleta, or CRZ Yoga! I try to buy Alo/Lulu stuff on Poshmark/ebay though because the prices are crazy"
2025-05-03,Alo Yoga,"Actually I did pick the drunk elephant bronzi drops, I was deciding between the perfume and bag and got the bag and added the perfume as an add on, and I got the alo magnesium spray since I wanted to try a magnesium spray and like alo yoga."
2025-05-04,Alo Yoga,"Yeah wouldn’t recommend it - especially if you actually work out in your athleisure (running, hot yoga, weight training, cycling, etc) Alo to me is ‘cute’ and more looks over function.  Alo might stand up to regular yoga and chill pilates classes though."
2025-05-04,Alo Yoga,"I like alo’s styles. Like casual stuff but they are not made for yoga. They are fast fashion. I have way too many pairs of yoga pants from alo. They are just ok. I like the colors, I love their pink, purples, and blues. That’s why I buy them. I usually only buy the bras not the pants. They are okay.  At the end of the day, I am still a big lulu align fan, those yoga pants are like second to my skin. Hot yoga, hot vin, vinyasa, and hiking… lulu is the best! Don’t second guess it."
2025-05-04,Alo Yoga,W2C：  Alo yoga pant : https://weidian.com/item.html?itemID=7450580176  Ami shirt :   https://weidian.com/item.html?itemID=7432547316  RL shirt :  https://weidian.com/item.html?itemID=7452084005  RL shirt : https://weidian.com/item.html?itemID=7458274440  Gucci tee : https://weidian.com/item.html?itemID=7409501940  Gucci belt : https://weidian.com/item.html?itemID=7452565917  Loropiana shoes : https://weidian.com/item.html?itemID=7452581431  Miumiu  iphone case : https://weidian.com/item.html?itemID=7453126929  WS: + 44 799 99 51248
2025-05-04,Alo Yoga,W2C：  Alo yoga pant : https://weidian.com/item.html?itemID=7450580176  Ami shirt :   https://weidian.com/item.html?itemID=7432547316  RL shirt :  https://weidian.com/item.html?itemID=7452084005  RL shirt : https://weidian.com/item.html?itemID=7458274440  Gucci tee : https://weidian.com/item.html?itemID=7409501940  Gucci belt : https://weidian.com/item.html?itemID=7452565917  Loropiana shoes : https://weidian.com/item.html?itemID=7452581431  Miumiu  iphone case : https://weidian.com/item.html?itemID=7453126929  WS: + 44 799 99 51248
2025-05-04,Alo Yoga,W2C：  Alo yoga pant : https://weidian.com/item.html?itemID=7450580176  Ami shirt :   https://weidian.com/item.html?itemID=7432547316  RL shirt :  https://weidian.com/item.html?itemID=7452084005  RL shirt : https://weidian.com/item.html?itemID=7458274440  Gucci tee : https://weidian.com/item.html?itemID=7409501940  Gucci belt : https://weidian.com/item.html?itemID=7452565917  Loropiana shoes : https://weidian.com/item.html?itemID=7452581431  Miumiu  iphone case : https://weidian.com/item.html?itemID=7453126929  WS: + 44 799 99 51248
2025-05-04,Alo Yoga,Agreed here..but why no Alo yoga?lol
2025-05-05,Alo Yoga,I normally shop online but I went into a Alo Yoga store to return and buy some items! The girls there  are banging! Then across the way at the Tiffany Co had some baddies!
2025-05-05,Alo Yoga,"Tbh, I never rock light-colored lulu sets to hot yoga or hot pilates or intense workout cuz it’s a sweat fest. My Alo Airlift holds it down way better for that kinda workout!"
2025-05-05,Alo Yoga,"I'm so sorry you're disappointed with your box. I did receive some good products, like the Patrick Ta powder foundation and concealer, an Elemis eye product, an Origins moisturizer, Pear Nova eyeliners (I already had one and liked it), a Makeup by Mario lip balm, an Alo Yoga magnesium spray, and a Beauty Stat peel-off mask. I got the Natasha Denona palette as an add-on, among other things."
2025-05-05,Alo Yoga,"* **Serena**: influencer + regular collabs with clothing brands (an SVdW x Alo Yoga capsule collection would instantly sell out). * **Blair**: if she weren't running Waldorf Designs, she'd make a good buyer for a department store- the whole ""dictator of taste"" thing. * **Dan**: tabloid writer.  He was better at the low-brow snarky commentary than attempting to be a millennial Fitzgerald (or however his publisher was trying to brand him).  He'd also teach creative writing or literature at a small private college to pay the bills (Brooklyn lofts are more expensive than they used to be!). * **Nate**: the nepo-baby call to politics would have gotten him eventually.  He'd be a fairly obscure congressman in a safe seat who would occasionally go viral for a random GQ spread or a high-profile relationship. * **Jenny**: makeup artist.  I feel like so many of the makeup artists had a goth or punk phase. * **Vanessa**: working for some kind of non-profit or NGO. * **Chuck**: he'd be an angel investor for stuff like medical marijuana or crypto/meme coin startups.  He'd get a profile in Forbes or something where they'd call him ""The Devil Investor: How New York's Bad-Boy Struck Gold on His Own."""
2025-05-05,Alo Yoga,"Our nanny rocks the “sportsy” look. As an MB who loves the fancy yoga leggings look, I’ve always found that our nanny looks really pretty in her leggings / fitted t-shirts (in a non-creepy way). I gave her some alo yoga outfits.   I have never seen her in a dress / tights. I don’t know if it’s impractical as a nanny or maybe it’s just not her style…"
2025-05-06,Alo Yoga,"I like looking at places like Nordstrom Rack or Off 5th- here you can get this nice brands at cheaper prices. Your goal is to slowly build your collection- just try one Nike, one Zelle, one Alo, etc. then field test them for 8-10 workouts before buying again. See how they perform when sweaty, when washed, etc. Ultimately active wear needs to be good at performing in your work outs- it’s not all about style.  Lululemon is my personal favorite- they used to have a really good sale on Boxing Day. Now it is just “meh.” It’s twice the price for 10% better performance/fit, but I work out so much that the extra performance pays off to me. It won’t to everyone.  I also like: beyond yoga, alo, athleta, vuori, gym shark, Zelle, Nike,outdoor research. Free people movement and spiritual gangster are more fashion than performance,"
2025-05-06,Alo Yoga,"As a former Alo lover when the brand first launched, their quality has taken a nosedive after they rebranded away from yoga to a lifestyle / influencer brand.    Lulu and Vuori have the best activewear imo."
2025-05-07,Alo Yoga,2 is an Alo dress. They specialize in yoga attire. I’m betting the fabric of that dress reads far more casual and sporty in person.
2025-05-07,Alo Yoga,"We just joined a bougie gym for the pool and it's all lulu all the time lol. They literally sell it onsite even. I've heard some people now buy alo yoga, but otherwise I've never really seen any of the influencer brands in any of the local gyms near me."
2025-05-07,Alo Yoga,I can’t do crop either. I think the changed happened when Athleta appointed new CEO who used to be the President of Alo Yoga.
2025-05-07,Alo Yoga,"I mean she’s been modeling for more than 10 years, has been signed to different agencies, modeled for Alo Yoga, Frame Denim, Swarovski and had over a million followers before Summer House? Shes been in Vogue Japan and Galore? Do you want me to take out the word “very” and just call her successful?  Yall love to hate her but she has a solid resume"
2025-05-08,Alo Yoga,For years I was an alo girl and now I’ve been buying more Lulu. I feel like alos casual stuff is cute but I’d way rather practice yoga in my aligns than anything i have from alo. I’ve had the alo court side skirt (I think that’s the one??) for four years and it’s help up great but I don’t love my leggings from there for yoga. I’d stay stick with lululemon !
2025-05-08,Alo Yoga,"I’ve been a consistent buyer of Alo and Lulu alike for years and I’ve noticed both brands are trending downwards in quality.  *I wash and launder any athleisure/activewear properly*, all of my Lulu and Alo leggings have started pilling within less than half a year of owning them! I used to love Lulu’s Fast and Free for running, and I’ve noticed any actually intense workout or activity tends to make them pill or causes more wear and tear than usual. Alo has been great for Hot Worx, yoga, and pilates, but any intense workouts? Not really holding up.  Vuori, Athleta, and surprisingly- Abercrombie’s YPB line have all been pretty great for me recently!"
2025-05-08,Alo Yoga,"FP Movement, Lululemon, CRZ Yoga, Set Active, Alo"
2025-05-09,Alo Yoga,"New CEO from Alo yoga trying to compete with Lululemon for the younger demographic. A move to more “performance” based rather than athletic and athleisure/workwear inclusive to all.  So many cropped shirts vs the older CYA (cover your assets), plus only in basic black/white/navy, virtually no plus in limited color drops, it’s sad really. I’ve been buying older NWT items on Poshmark or eBay."
2025-05-09,Alo Yoga,I had a pick up for yoga clothes the other day from alo yoga. That threw me off as day two dashing. I’m new and didn’t know we deliver stuff like that which is fine. Idrc what I’m delivering.
2025-05-09,Alo Yoga,Literally just vibing. That explains the Alo yoga brand deal
2025-05-12,Alo Yoga,"Try alo moves (or similar) at home if the gym feels like too much. Invest in some ankle weights and a good yoga mat, that’s all you need to start off with"
2025-05-13,Alo Yoga,I either go in a cute but comfy outfit — matching sweatsuit or like an alo yoga set mostly because I’m just not the kind of person to wear jeans and a full on outfit when I go shopping since it’s likely tacked onto other errands or a workout class. I wore cut off shorts once (cute ones that werent short at all) and my SA was like ohhh cute shorts LOL I don’t think she was serious but it was hot that day!
2025-05-18,Alo Yoga,"You must have been an interesting kid Ozzy. Jk. These are just regular Bombas, like Alo yoga socks 🤷‍♀️ I see them everywhere!"
2025-05-16,Coachella,"I have a friend who brings Salmiakki to the Finnish players on the Coachella Valley Firebirds team and they love it.  They light up like, well, like kids in a candy store. 🌟"
2025-05-16,Coachella,Ok I’m not trying to be mean but I saw pics of her today and thought the same thing. She was looking so tight and young again in the face like she had a facelift and now looks older again????  Same thing with Lana Del Rey… when she played Coachella last year she looked like she was 10 years younger. It was like wow what did she have done? She looks so revived and perfect. And now just a year later you can see the aging in Lana’s face all over again?
2025-05-16,Coachella,"# Q: Who's in the DJ booth? Does anybody else ever spin in there?  A: James Murphy (of DFA Records / LCD Soundsystem fame) and brothers Stephen and David Dewaele (of Soulwax, 2manydjs, and Deewee fame). They are the only DJs, though there have been occasions when only one of them is in the booth (e.g., James Murphy solo DJ'd during 2manydjs' 2023 Coachella set that happened during part of Despacio)."
2025-05-16,Coachella,"I've never regretted my decision.   The vast majority of influences I watch have all gone to college and obtained degrees. They simply found jobs they loved &amp; were happy doing. Most of us don't even realize the work some of these influencers put into their brand.   I'm not talking about these 19 &amp; 20 years old filming their weekend at Coachella. I'm talking about the ones who have hosted charities bringing in millions of dollars, made movies using their funds and equipment, the ones who put their all into their work. They deserve recognition for their work, time, and even blood in their projects."
2025-05-16,Coachella,yesss! it was the 2nd to last track on their [Coachella set](https://youtu.be/eZL4AgKNvVI?si=BTMPMds_C1S7l_6p&amp;t=3033)
2025-05-16,Coachella,I was there and can confirm that was the worst set of Coachella
2025-05-16,Coachella,"I mean, the Coachella drama was massively overblown. The backlash seemed to come pretty much exclusively from the kpop community and Knetz. Same for the hate train, if you're not following kpop discourse at all, you wouldn't really know about it.  Also, Le Sserafim is in a much better position overall. They're from HYBE, and they already had fans before debut thanks to Chaewon and Sakura.  KIOF come from a small company, the only real assets they had pre-debut were Natty's past career, Belle's songwriting credits, and company personnel having a bit of prestige. That's enough to get interest and some hype from kpop fans, but not enough to really build a solid fandom."
2025-05-16,Coachella,Ok but the toothbrush thrown in the suitcase with the dirty coachella outfit and boots? I’m sick
2025-05-16,Coachella,you know that feeling when u go to Coachella and then discover so many new artist AND u realize that those same artists where at Coachella URGGGGGG happened to me with Sabrina carpenter and Chappell Roan
2025-05-16,Coachella,"At Coachella there was tons, and I’m sure there will be at the Gorge. They want you to be hydrated, they know people are dancing and it’s going to be hot out.  If you want to be upfront by the rail, and you don’t want to leave you will want a hydration bag. Ours definitely came in handy especially in a group, we could share cold water with the homies.  We have also used these collapsible bottles that you can clip to yourself.   https://a.co/d/9fmW6ck"
2025-05-16,Coachella,"Yes she really was awful. Johnny was no angel but she was worse. I watched the whole trial for my paralegal course and was disgusted by them both, but I feel like she exaggerated the alleged abuse..  For example, she took pictures of herself right after he supposedly hit her or threw something at her and hurt her face , yet a few days later went to Coachella with no marks on her. I get get she could have used makeup to cover up the alleged wounds, but Coachella is in the desert, which means it is very hot at that time of the year, and on top of that she would normally be in a crowd of people, dancing and moving around, all of which means her makeup would be pouring off her face.   Plus who would be in the mood to go to something like Coachella after your husband beat you like that? I get everyone’s different, but my ex-bf tried to strangle me the day before my college graduation. I was in no mood to go through the ceremony or do family stuff, but had to because my family was visiting and wanted to celebrate with me. I was so upset my mom yelled at me for ruining the special day. If I had a choice (like she did) I would have just hid in my room, shut my brain off with TV and cuddled my cat."
2025-05-16,Coachella,Wasn’t there another scandal last year when some influencers hung out with him at Coachella? I think he was hitting on one of those girls. Brittany denied it even though the girls had proof? I don’t remember exactly how it unraveled but I remember everyone telling her that it’s Tommy Lee.
2025-05-16,Coachella,Coachella headliners
2025-05-16,Coachella,"I went back in 2019 and 2021, so can’t speak on recent years. But during those years, nothing but a great experience! I drove both nights and it really wasn’t an issue. I know people that used the shuttle system too without problems. They actually had people directing traffic (like what Coachella used to do properly). Lots of food trucks and porta potties.   I think the confusing thing here is people are seeing “festival” and thinking it’s a festival or 3-day event of some sort. Before they had any “known” artists like this bill, it was more so focused on the experience itself and the stage was there providing music. But people weren’t really gathered around it or anything; it was just a part of the ambiance. Obviously this bill will draw a different crowd and some will be there just for the music and not so much the lantern festival itself.   Folks need to see this as 3 separate days, with the same exact experience other than the artists performing. Ngl though, Rufus in this setting is *chef’s kiss* for sure! I doubt Calvin is gonna be playing of his higher tempo/festival type sets, and will probably curate something to fit the lantern festival vibe."
2025-05-16,Coachella,"the real crime: she’s at least 2 days without a shower and she won’t have time to take one before the event. she also packed a dirty outfit that she wore in the hot desert at coachella which is of course unwashed. to anyone attending the event tonight, might i suggest a hazmat suit for attire"
2025-05-16,Coachella,"They get mad when you inform them how big Lisa is actually. Lisa is the most popular member of blackpink, more popular than Jennie, Rosè jisoo and has been for years.  Lisa just demolished the EMV and Mentions on the Met, on top of the EMV list, above her fellow members, above Riri, Zendaya above every single artist that attended, name them one by one, to check how absurd that is.   According to launchmetrics, she made 6.8 billion impressions in Coachella, the most for an artist (she wasn't even headliner), and again topped global mentions above lady gaga and her fellow members, and again topped EMV.  Guess who was the most mentioned person in the Oscars, above Ariana Grande and Cynthia, yep, and make a quick guess for Victoria's secret, or for the global festival. Yep"
2025-05-16,Coachella,"I'm not sure why people think there wasn't a lot of marketing. It's not on Marvel and Disney levels, but if you search on YouTube and social media they've been doing a press tour and interviews. The Weeknd was on Fallon last night. Barry was on Kimmel either this week or last week. I believe Jenna was as well. They did a Hurry Up Tomorrow ferris wheel takeover at Coachella, etc.  I do have a laugh that the person that said his time was wasted enjoys David Lynch movies but couldn't find anything good to say about this movie."
2025-05-16,Coachella,"This is me but I saw Clairo on this tour at the Salt Shed and then at Coachella so while I hate to miss her, need to go with Doechii."
2025-05-16,Coachella,I would bring this new artist I’ve discovered on tiktok recently. Her name on tiktok is unaestheticallypearlz and she recently went to Coachella and stagecoach and I am obsessed with her and I want her to experience the farm lol  But if it’s like a person I know it would be my best friend. She’s so amazing and we live too far apart and I miss her. She has mentioned how she would love to go. I would bring her if I could. 🩵
2025-05-16,Coachella,This is my first Beyond and second time at the Gorge(first time camping). I like the idea of hydration packs but think about how much stuff you want to carry around. We went to Coachella this year and my wife packed my hydration pack so full of shit it was like 10lbs when full of water. Kinda a pain but I dealt with it. They are a good idea and i will post the pack I got off Amazon below. Mine had lots of storage and the “anti theft” pocket was enough for both mine and my wife’s cellphones. Just realize that it makes dancing a bit akward and also think about bathroom breaks and where you are going to set it. That’s just my 2¢.   https://a.co/d/hiPFsTS
2025-05-17,Coachella,"Just saw them at Coachella and it was in the top 3 live sets I’ve ever seen, they were absolutely unreal"
2025-05-17,Coachella,"I am! I wish Coachella had the same fireworks, drones, and light shows!"
2025-05-17,Coachella,"That’s harsh. He drinks and smokes far too much and has done for nearly 40 years, but he’s not a “raging alcoholic”. He also looked much healthier at Coachella/ recently than for 3 or 4 years."
2025-05-17,Coachella,I was at fisher too! Love fisher. Seen Justice at Coachella. Had a blast at fisher. Was not packed though! Especially for a fisher set
2025-05-17,Coachella,EDM is most popular and most booked at Coachella 🤷🏻‍♂️
2025-05-17,Coachella,"coachella, this year"
2025-05-17,Coachella,That post was from 2011 but this doesn't necessarily means that it wasn't used. I mean why the Lollapalooza and Wireless full concert are the only ones available for public view. Is it because it was performed outside? Or what about the Sahara Tent performance from Coachella 2006. The video recording quality is very great since some footages were released on Unchained documentary. That means somehow it is archived for some reasons.
2025-05-17,Coachella,I loved Green Day’s Coachella set
2025-05-17,Coachella,Someone who saw them together at Coachella said they were surrounded by goons at all times.😟
2025-05-17,Coachella,I’ll be there Saturday! Solo mission coming from OC! Wonder how likely it is he performs at Coachella 2026?
2025-05-17,Coachella,"A majority of ""autism"" is just a collection of behavioral signs, it's not like a thing you either have or don't have. Almost ALL ""autistic"" people are actually just alcohol and drug related learning disabilities because mommy read that wine is actually good for you during pregnancy and smoking fat dabs is fine because weed is the cure to all illnesses, according to a Facebook post. Very few people are actually autistic, almost all of them are just the result of what happens when you do a bunch of Molly and LSD during Coachella for half a year before even realizing you're pregnant. If they can't behave themselves, you treat them like everyone else and kick them out. You don't get special treatment because you got donkey brains from mommy doing 2 for $20 Ice Cold Nitrous balloons."
2025-05-17,Coachella,😂 Cudi has nowhere near the fan base to headline something as massive as Coachella.
2025-05-17,Coachella,"&gt; Early reports think this is a fertility clinic not an abortion clinic  https://arcbabies.com/  &gt; Since 2006, Coachella Valley’s first &amp; only full-service fertility center &amp; IVF lab, American Reproductive Centers’ advanced treatments of infertility have provided our patients with the ultimate gift: the joy of parenthood! Our fellowship trained and board-certified physicians use the latest in world-class assisted reproductive technology in our state-of-the art facilities in Palm Springs &amp; the Coachella Valley to ensure continuity of care beginning with the first consultation through childbirth and graduation to OB/GYN services.  Yeah it's a fertility clinic."
2025-05-17,Coachella,Agreed! Bring bass back to Coachella!
2025-05-17,Coachella,"i think it's a bit difficult tbh. On one hand, they don't give kpop any attention at all. On the other hand, radios play their ""viral"" ""songs"", invite them for different galas, accept their collabs etc etc (even when they're openly racist and so on and so on), so they do not give a shit about controversy or problematic influences.  It's probably more about their fans and the hype that they bring into it (e.g. featuring  rose in the soundtrack of the formula 1 movie, bringing them to coachella in paris) and less about their terrible personas itself. Here in Europe, they're rarely brought up by the serious media because there's just nothing interesting or record breaking or really anything about them. The rather unserious media also keeps their distance if it isnt for collabs with certain brands or concerts in europe itself. but if they're ever brought up there, it's only positive because they dont wanna fight with the blinks"
2025-05-17,Coachella,I thought he sounded terrible during his Coachella performance too (with the LA Symphony).
2025-05-17,Coachella,Who ever made this missed the mark on coachella kneecap video when Hasan appeared on stage. I would pretty request please add that clip. It’s historical.
2025-05-17,Coachella,"The other people who have commented have pretty much covered everything, but I will put on this PostScript: Palm Springs, Cathedral City, thousand palms, Palm Desert, Indio, Coachella, and others all have their good areas and bad. It's not that the bad areas are specifically bad to LGBTQ+ people, it's just that they're kind of rough. If you don't mind the suggestion, I would say come visit. Take a look around with or without a real estate agent, but at least with a local and get your feel for the whole thing. I know that when my husband and I moved here from another area we had seen neighborhoods on Zillow that we thought met our needs perfectly in terms of price and character and everything else. But when we got here, we found that there was a reason the prices were so reasonable. It's because they were places we didn't really want to live. We are not wealthy, we had a budget so we had to look around for a while to find the right combination of affordability, safety, does desirability, access to Services, and all the rest.  This is just my long-winded way of saying local knowledge goes a long way. Hook up with someone reasonable and look around. There is a lot to offer here, and it seems to be getting better every year.   Good luck and happy hunting."
2025-05-17,Coachella,"Ahh ok, I don't remember seeing this. She doesn't post anything good these days. Even from coachella we get 1-2 not so good photos :("
2025-05-17,Coachella,"Also, stussy will probably close warehouse and I wouldn't underestimate his crowd. His Yuma crowd at Coachella was one of the biggest I've seen in years"
2025-05-17,Coachella,"GA has always been a great experience. It’s not a huge festival and moving around isn’t an issue. I’d say paying a little extra for VIP could be worth it if you have the extra money, but the huge price jump to VIP XL seems wildly unnecessary. That money could pay for a season’s worth of parties, Coachella tickets, or flights to Ibiza if that’s your vibe"
2025-05-17,Coachella,"I have done kpop tours with novastar, and Brompton walls and an e2 for screen management. Its a proven workflow. I am just seeing it less than I did a couple years ago.   The novastar h series can do, i'll say 70%, of what an e2 can do with routing which is good enough for most festivals when artists come in with everything from a email with a zip file, a usb, or iphone holding some video files for a house VJ to a d3 or pixera server.  Electric Forest, Outsidelands, hangout, lostlands, for the last couple years has had novastar h series on every stage. Qsar and ODT at coachella, all novastar h series for screen management. Same for rolling loud."
2025-05-17,Coachella,"Nothing crazy but on the way out on Sunday I ran out of papers… asked around on the trail back.. some dude and his lady gave me a full joint and said happy Coachella. We smoked together and chopped it up and I think I literally levitated, it was def some tippy top shelf. We left a bit early and waited at the car for friends to come from the closer, wholesome moment."
2025-05-17,Coachella,Coachella.
2025-05-17,Coachella,I had a bunch of friends come through the southern border for Coachella and they didn't run into any issues.
2025-05-17,Coachella,"Wow, first thing I noticed was how cinematic Coachella streams look and how the EDC stream looks potato quality in comparison."
2025-05-17,Coachella,Clearly you didn’t follow all the recent Coachella drama about weak showers and waiting in 12 hours of traffic that made me just roll my eyes and laugh.
2025-05-17,Coachella,"Say whatever you want about Alix, but this girl has an insane work ethic. She ALWAYS manages to be there even if she’s fucked up all night. I remember last years coachella she was the e only influencer who actually promoted the company that brought her there, filmed TikTok’s, used the products etc. chicken shit wishes she could do that"
2025-05-17,Coachella,"Celine's collaboration with Lisa has ended in 2023.  She is currently the global ambassador of BVLGARI, the brand ambassador of LOUIS VUITTON, and the global ambassador of DENTISTE. And she's also affiliated with BOSE, EREWHON and KITH (though we didn't get new content from these two brands so far, so we don't know if their collaboration is still ungoing , or a one-time thing).   There's also a rumor that she may be collaborating with a tequila brand called SOLISCA, as it was shown during the 'F*CK UP THE WORLD' M/V and the account only follows her on Instagram. They also recently teased about ""big things incoming"" soon and posted a video of her during her Coachella set, so it may be a clue of their partnership.  (But take this with a grain of salt)."
2025-05-17,Coachella,Coachella.. and well we all know how that went
2025-05-17,Coachella,her coachella outfit made me obsessed
2025-05-17,Coachella,"Im fairly familiar with pop culture in general but the only thing I have heard regarding Lorde in the last couple of years is that she choined Charli XCX on Coachella stage. And also the occasional song in my Spotify playlist from a decade ago. So, the talk is only in certain media bubbles and not widespread"
2025-05-17,Coachella,"I was there too. I was off to the right if looking at the stage. I was smoking a 24K Gold Leaf Cannagar. I saw Baby Keem at Coachella in 2022. When I saw he was on the lineup, I knew him and Kendrick were gonna have a family moment together on Kendricks set. I tried to get my record albums signed, but the best I could do was get the set list."
2025-05-17,Coachella,Isn’t he a dj too? He was at Coachella just recently
2025-05-17,Coachella,Not sure I slightly remember someone bringing up an alternate intro for odd toddlers from coachella but I might just be misremembering.
2025-05-17,Coachella,"1. im an engene and im not trying to bring hate to the group or make a new reason for people to hate them but why are people always bringing again the ''enhypen is fatshaming sunoo'' situation and not the ''bullying to jay'', dont get me wrong im not saying they are, they have ONE IMPORTANT thing in common and it is that they are just PLAYING AROUND AND TEASING their FRIENDS! People forget/ignore that they are always messing with each other because they literally leave in the same apartments and building AND work together every single day. Also you dont even know them much less how they feel and express, so neither you nor i have the right to keep hating on stupid shit. 2. i freaking love desire unleashed i KNOW that its my fave one and we dont even have spoilers or something :3 3. i really reaaallyyy hope that in a next comeback enhypen could do a horror concept (and not just enhypen i would love to see a horror/paranormal concept in a group) 4. can we talk about how people thing that enhypen is a super controversial just because of a bunch of stupid rumors... 5. im NOT playing when i say i NEEEEED an album of the songs that they played at coachella (coachela ver.) AT LEAST DIGITAL 6. i LOVED the orange blood concept, specially the trailer its so refreshing and perfect 7. i think that ''engenes'' that get jealous of sooha are so ?? even the members said that we are represented as sooha and chloe and all the girls that they have in trailers also.. sooha doesnt even exist..  sorry if i make a mistake, english is not my first language"
2025-05-17,Coachella,"Its like a huuuuge camping festival with lots and lots and lots of workshops and activities. Its not a straight music festival.  Its closer to Burning Man than Coachella, where almost everything under the sun is being done  Its not just music stages, there are sound healing areas, areas people slackline, water for swimming/chilling, etc.  So not t sure why people on reddit are  drawing some line there"
2025-05-17,Coachella,"During Tinlicker's set W1, at the back of the Yuma there was a guy spinning flags. My wife and I gave him a bottle of water because we noticed he didn't have any and was putting on a SHOW.  He gifted me his wristband on Sunday of W2   One of many great strangers at Coachella."
2025-05-17,Coachella,"Nothing specific, but as someone who is hyper fixated on not bothering people and self conscious about being awkward…Coachella is one of the very few places I’m always chatting with random strangers and it’s part of what makes the festival my favorite place"
2025-05-17,Coachella,It’s wild those jeans were never washed from coachella lol. I’m someone who has to unpack and do my laundry right away after a trip. Could not fathom opening a dirty suitcase and grabbing unwashed clothes from it to go on a new trip lol. Even if she isn’t the type of person to do that — she has so much money where she could have an assistant organize/clean her stuff.
2025-05-18,Coachella,Iphone and coachella tix
2025-05-18,Coachella,"That is part of it. But to use Ateez's LA stop as an example, you have KCON LA the weekend before and The Rose a few days before. I personally bought tickets to The Rose, and decided to wait til KCON dropped their artists &amp; prices to decide on Ateez. And Ateez are my ults--I've seen them every time they've come to the US (except Coachella) since the pandemic.  Part of it is artists oversaturating themselves, but it's also kpop oversaturating a largely multistan market. Plus all the factors other commenters have mentioned."
2025-05-18,Coachella,When I watched Steve Lacey perform in 22 or 23 he cut his set short. He literally walked off the stage. He also was having a lot of technical difficulties. This was weekend 2. I’d be surprised if he does Coachella again
2025-05-18,Coachella,"Not a blink, but I kind of assumed a lot of BP promotions were taking the backseat to their solo stuff? Like in April, a lot of talk was about JenLisa at Coachella, and this month Rosé and Lisa both dropped new songs. So maybe group cb news will come later than fans might expect to avoid as much overlap? Not saying you can’t do both, but I know I’ve seen some blinks talk about release fatigue with keeping up w/ 4 individual members’ releases, so maybe this is YGE giving them a small break? lol."
2025-05-18,Coachella,"this is amazing, thank you!! is there a coachella version with his actual live vocals?"
2025-05-18,Coachella,"I honestly can't read her. It feels like when a rich kid asks their parents to pull connections for the 18th birthday with a list of hopes such as: perform at coachella, release an album, etc."
2025-05-18,Coachella,Coachella and stage coach. Tkb bakery. Yeah besides that… why would anyone 🤔there is really nothing there.
2025-05-18,Coachella,"If they're not at Coachella, then my bloody valentine"
2025-05-18,Coachella,It screams festival gal.  Like Coachella or EDC vibes.
2025-05-18,Coachella,"Really wish EBU would do something about why artists actively try to avoid the show out of fear it'll ruin their career. It's one of the biggest music shows in the world, yet acts like a tiny music event put together for free. Artists should want to be on it just as much as they want to be at Coachella.   But controversially, I think the rigid competition format is what's holding it back. I think people might hate this take at first, but think about it the most hyped moment of the show last night was a collab/faux-competition. You can still have the fun of the versus format, without all the political disaster that is voting blocs and artists fearing that not making top 3 is an end to their careers."
2025-05-18,Coachella,"What you're seeing online is not the norm here. I'm near LA and see on average 10 shows per year. I've only spent more than $250 on a ticket once, and that was barricade for Ateez. Most concerts are $90-200 for me, and that includes VIP benefits for smaller and mid-tier groups or 100s/200s seats for larger acts. It's all about knowing your limits and sticking to them, and not falling for Ticketmaster's dynamic pricing.   OP mentioned spending $1,000-3,000 on Coachella, but that's about what I spend on all my tickets total in a single year. It's not abnormal for people to spend that much or more annually on a hobby, whatever that hobby may be.  Social media will always give a skewed image of reality, OP."
2025-05-18,Coachella,"I saw Justice at CRSSD festival in San Diego and the stage was definitely much smaller. Justice always plays at the outdoor stage at Coachella as well, which is similar to Which Stage. I’m sure they will absolutely kill it on the stage. Most festivals literally build out their stages around Justices production. I’m sure the other artists using the stage that day will be able to take advantage of some of the lighting."
2025-05-18,Coachella,"It only came in clutch for me when I was running late for somebody’s set because I was able to get in and through security very quickly and because it kinda spits u out by the Coachella stage I made it to see their set. Meanwhile, my friends were waiting to get in at the GA entrance."
2025-05-18,Coachella,"i'm not even gonna lie here, Jennie's coachella ""performances""  were hot garbage"
2025-05-18,Coachella,"100%   I noticed that all her shadiness in the interviews she’s doing post season came after the Jesse and Ciara pictures at coachella. I swear it’s a jealousy thing. And this isn’t to absolve him at all, he’s been a dick to her."
2025-05-18,Coachella,"I arrived around 3 pm.  This is my 2nd CWF, went the first year but skipped last year.  Here are my experiences and take aways from 2025:  Artists:  - as a pro musician, dancing after age 60 is probably not helping you the way you think it is.  Probably a lesson for all of us here.   - Alison Moyet - 9 out of 10.  I have waited 40+ years to see her and she was great.  Some slight pitchiness with vocala.   Great band.  The Impervious Me and Changeling and Beautiful Gun were new songs for me and sound much more synth poppy than her other material, almost DM like on several tracks.  Sounded great and excellent setlist for the abbreviated time available, playing the big tracks from Yaz.    - Til Tuesday  - 10 out of 10 despite lots of rain.  Aimee Mann is the consummate professional.  To see Til Tuesday play for the first time in 40 years made the whole event for me, but I am a huge fan.  Fun that she told the story of working in the Boston record store and Rick Ocasek would come in and his influence on them, followed by a Cars song.  Well played.  Coming Up Close was so well done and stirred my emotions.  Bravo.    - OMD - 10 out of 10.  I’ve seen them a few times including once a year or two ago in Portland and they are just so good and just so relevant to this genre and era of music.  Bravo to the boys for their vocal performances, both of which were spot on.  Andy is a great front man and connects with the audience - reminds me of Martin Fry a bit in this regard.  Very good production quality for both A/V.  The live saxophone was the chef’s kiss.    - Madness - 4 out of 10 - I took a break for dinner but listened to the whole set list.  Their music is very adjacent to the entire genre in my opinion.  Imagine my surprise looking over halfway through the set to see one of their band members stripping down to his underwear in full 4K glory on the big screens.  Musicality sounded good, but it’s not my type of music.  Way too much banter from the lead singer for such a short setlist and a band that was not big in North America.  Our House sounded tight and well played.     Garbage - 8 out of 10   I was never a fan and couldn’t name any of their songs, but they hit like a hammer.  Some pitchiness in the vocals but still packed a punch.  Tight guitar work and percussion throughout the set.  Was nice getting to know their lead singer which showcased why fans love the band - she was vulnerable and authentic when she opened up about what it meant to play with so many iconic 80s bands at the festival.  Great show.   - Death Cult - 7 out of 10.  I am a big Cult fan and I guess I don’t understand their decision to play basically all the old catalog and only one hit song at the very end.  It was only a name switch from Death Cult to The Cult so I am confused by what they are trying to do here.  Billy Duffy obviously played great and Jamie Stewart killed the bass.  Leaving out songs like Love Removal Machine and Fire Woman and Edie are curious creative decisions.    Nice Cave &amp; the Bad Seeds:  2 out of 10.  I am not a fan and he is Goth Neil Diamond to me.  Sorry to the fans but clearly I don’t understand him as an artist.  So many people seemed to love the performance but I was left scratching my head.   It’s not you, it’s me.   Go-Gos - 2 out of 10.  Probably the biggest disappointment of the evening since I heard they played and sounded great 3 weeks ago at Coachella.  I can’t really say how they sounded because the mix was so bad, and the reverb (on I think Jane’s guitar but perhaps both) was so high all I could hear was static.  Ooof.  It was so bad I left my 15th row position and walked away.  Such an opportunity for them that was destroyed but the bad production quality.  Loved seeing that they were having fun and enjoying themselves.  For such an iconic band and such an experienced operation (GoldenVoice) this set was just a complete fail.  I would have been angry as a musician and had I paid to see them independent in their own show.   There is really no excuse for this to happen.  Sad really.   New Order 6 out of 10.  Another ooof.  Probably the biggest disappointment of the event which is saying a lot given the Go-Gos debacle.  I saw New Order with Throwing Muses back in the mid eighties and they were just so good (one of the loudest shows I ever remember seeing).  Great production quality on the A/V last night but someone needs to help Bernard with the vocals.  I get that he must have had to drop to a lower key but his vocal quality was just plain terrible.  It was New Order Karaoke last night which was gutting.  I saw Peter Hook &amp; the Light in Seattle 5 or 7 years ago and it was so much better.  The vocals last night were simply inexplicable.  Sumner was great on the guitar so I think the way forward is to hire a vocalist that can hit the vocals, in the key and tonality of the original tracks, and Bernard should focus on remixing the big hits and guitar and getting more help with the vocals.  New Order was never about the vocals so this is an easy choice.  This performance made me sad, actually, but it was so great to revisit the iconic tracks and hear them played so well by the band.  Some creative license on guitar work and solo transitions really did not work so keep that stuff in the bin but feel free to creatively remix.  Be great if Sumner could tell more stories from back in the day to add nostalgia and give back, but it’s probably not in his DNA as a front man.    I wonder if Sumner has lost some of his hearing so he literally can’t be on key?  Event Operations:  - the VIP entrance was 3x the wait compared to GA.  I would have been angry had I paid for VIP  - letting bands start before the last band is finished is a terrible operations decision.  The Cult were finishing 30 seconds of She Sells Sanctuary but the ops team decided it was beat for the Go-Gos to play over the last 30 seconds.  Dumb decision.  Same with spinning the carousel on Til Tuesday as they were finishing the last 30 seconds of Voices Carry.  These are just bad decisions and don’t give deference to the fans and the fan experience and also importantly, the artists.  I recognize that the schedule must be kept and generally the execution was flawless in terms of schedule (how they got the lighting rigging fixed and in place for New Order, on time, was astounding.).  But let the bands finish their songs and say good night.   It’s literally 60 seconds difference.  It’s a live event.   - great food choices.  Year 1 was a disaster for food (as I recall it was just vegetarian options) so I’m glad they improved   - the AXS app is still not good.  With 50k plus people using the same cell tower make sure the map and the schedule and other things don’t have to be called from the web, since when internet connectivity is compromised it doesn’t work.  This is not complicated.    - don’t charge for parking and then not check if people have paid.  Amateur hour   - fans need more seating when the festival runs 12 hours.  Particularly if it rains and the grass is soaked.  This is a real thing.  Most plans are in 50s and 60s.  Give them some places to sit.  It doesn’t have to be voluminous but no wants to stand for 6-10 hours because they can’t sit in the wet grass.   - go to the Dollar store and buy a cheap poncho for $1.25.  Best investment I made yesterday and it saved me for the 90 minutes of rain we received."
2025-05-18,Coachella,This should be coachella valley chapter
2025-05-18,Coachella,"“i don’t go out,” continues to take the free loading abuser to coachella. like what?! no way in hell evan couldn’t afforded that."
2025-05-18,Coachella,I mean Coachella tickets let you see over 5 artists iirc. I'd say that's a pretty decent cost
2025-05-18,Coachella,"Other festivals have VIP viewing areas at most of their stages. For Coachella, you need artist guest passes to get the equivalent.  EDC Vegas, for example, is much more worth it because they do have VIP areas for many stages and special access areas for VIPs between stages. When I went in 2023, didn't even have to leave VIP to get between Neon Garden and Quantum Valley.  That's worth it for me."
2025-05-18,Coachella,"If you're at 72k, you're netting about 4k/mo assuming you're doing a little bit of 401k.   At 4k/mo, your best bet is get a roommate and split a 2 BR at no more than 3.5k/mo (there's many luxury apartments with 2 BRs at this rate and hopefully it goes down further as San Diego just banned algorithmic price fixing--these luxury apartments will often include a washer dryer inside the unit and gym).  So let's say you get the nicest apartment possible with w/d, gym facilities at 3.5k/mo, split that and your rent is 1.75k.  From here on, your half after split w/ roommate:  - Utilities (split): $40 - Internet (split): $25 - Cell Phone: $25 - Car: $250 - Insurance: $75 - Groceries (you could split but this assumes all for you): $300 - Gas: $200 - Health Insurance: $200 - Supplies: $100 - Misc/Clothes: $100  Rent: $1,750 Fixed Expenses: $1,315 Total: $3,065 Remainder: ($4000-3065) = $935  Savings: $500 ($6k/yr) Guilt Free Spending: $435  Obviously adjust as some people have student loans.  But can you make it on 72k/yr? Yes. Do you have to live within your means? Yes. It really means not dropping thousands to go to Coachella or look Instagram rich, and having a strong financial psychology upfront. Don't spend money on things you don't have cash for.   Do not use Klarna, Afterpay, Affirm or credit cards if you are not responsible enough to not FOMO your way into high interest debt or loan stacking that you can't afford. Learn to say no to your friends.   The budget above assumes you haven't screwed yourself with credit cards. I've been there. I dug myself out of it. You don't have to dig yourself a financial grave."
2025-05-18,Coachella,"Yes I know ""how vip works""... I've been going for the last 20 years.   You don't get any free drinks or food...or any closer access to the stages. You get a couple extra bars and food options and the opportunity to brag to your friends that you were ""vip"" at coachella"
2025-05-18,Coachella,"Sure everything is a costume, but there's still a quality scale. Irene's costumes were ""Broadway production of It"" and Aja's were ""college BFFs on Halloween"" or ""I will definitely not lose these wings at Coachella"""
2025-05-18,Coachella,"I’m also a literal grandma, will be 49 and this is also my first time to Coachella also solo and car camping!!"
2025-05-18,Coachella,"Have done VIP for many events and Coachella's is by far the biggest waste of money and least perks. Yuma line, that's it."
2025-05-18,Coachella,The Prince of Paths.  So that BethSoft can wrangle back the Original 19 IP and dropkick the Daedric Prince of Coachella back into whatever Unreliable Narration she crawled out of to ask for a clean pair of socks and a bump of molly.   I liked the *ideas* presented in Gold Road. Hated the bubblegum lip gloss and b.o. aftertaste.
2025-05-18,Coachella,"I can’t with her. She’s so smooth brained- she said “I missed my flight here so I didn’t really pack much”. wtf?! That doesn’t make sense.   It would *make sense* if she managed to *make her flight*, that means she was rushing and running around her place with only a minute or two so she just threw anything in the bag and sped to the airport as fast as possible and ended up forgetting stuff and not packing much **because she got her flight**.  BUT we literally saw the video when she was at home and she had enough time to put things in like underpants and clothes and socks and hair brushes. She put a toothbrush and toothpaste loose in with her unclean Coachella stuff ffs. It wasn’t bad packing because of her flight. She’d already missed it.   She didn’t pack badly because she missed the flight . **Missing the flight literally gives you time to pack because you’re getting on a later one**.   It was bad packing because she was hungover (or probably still wasted) and sleep deprived (even with “diagnosed by a doctor” SSS; short sleep syndrome 🤣) and also she’s just not very bright. Or not very well travelled (because people who travel a lot learn what’s essential for packing- eg one pair of undies a day and so on).   I honestly think she lives in a world where delusion,  lies, self obsession and idiocracy intersect."
2025-05-19,Coachella,It should’ve dropped right after Coachella  It’s losing momentum it’s like he playing around with it
2025-05-19,Coachella,Coachella map lookin ahh 😂😂
2025-05-19,Coachella,"As a portola and festival veteran (portola will be my 4th festival this year), I think it is one of the best I’ve been to in the past. The lineups the last 2 years have been insane, and if you like this year’s lineup I think it’s a worthwhile trip to make. I’ll lay out some pros/cons below:  PROS: - excellent lineup: this year has a LOT of the old school electronica sound (the prodigy, the rapture, underworld, LCD Soundsystem, etc), which is rare, mixed with newer headline DJs like Dom, Peggy, Chris Lake, etc. You get a really unique blend of sound and an opportunity to see some of these acts across the weekend, that you otherwise probs would never see or have to pay a lot to see.   - venue: getting around the festival is super easy. It’s not super large or sprawled out, one end to the other is a ~10 min walk across FLAT ground. I also think the stages are cool, like Crane stage or the Warehouse. Obv the stage designs won’t compare to Ultra, EDC, etc but the fact that you’re on a pier with ships is p cool imo. Theres also lots of picnic tables/random areas where you can sit and take a break.   - it’s SF! I love it here, great food options, there are plenty of people meeting up to pregame at bars and tons of afters options, including the Midway right next door (imo, one of the best venues in SF)  - crowd: it’s 21+, a mix of your usual festival/ravers and “normal” non-festival going people, which translates to most people being friendly/PLUR and not super pushy. I also don’t think they oversell portola like some other festivals. I’ve always felt like I’ve had plenty of space to dance and move around, and don’t really feel like there are bottlenecks with the crowd inside the festival.   - weather: it’s never rained during portola (atleast to my knowledge) and probs won’t bc it’s in September, which isn’t rainy season here. I also think the temp during the day is usually pleasant/comfortable.   - vibes: I usually go with a group of 4-8 people and meet up with other friends inside the festival, and we always walk out thinking the vibes were immaculate. I’ve also done solo festivals before and I think you’ll find people here are chill, easygoing, and happy to connect over the music. I also think portola tries to be funky/weird/unique with their marketing and the exhibits you see inside the festival.   - water: one of the few festivals where the water stations are easily accessible, spread out, and clearly marked. I was at Coachella and Ultra this year, and was v disappointed with how difficult it was to find water at times.   CONS: - price: it is egregiously expensive for a 2 day festival, and you gotta factor in cost of flights and accommodation. I admit living in SF helps a lot, and I’d be thinking hard about traveling for any festival.   - weather: it can get pretty windy/cold. Pants are a must and you should carry a sweater for after sunset.   - cell service: there isn’t any. Don’t expect to be able to text or make calls once you’re at the venue.   - food: selection is meh compared to OSL and pricey  - sound: the MainStage sound quality was subpar on Day 1 last year imo, but warehouse, crane and pier were p good. I think they fixed it for day 2 if I remember correctly.   - transport: getting out of the festival at night is a pain in the ass. Public transport is available and p decent, but the uber/lyft situation is a shitshow. Expect long wait times if you’re using a ride share service, but that’s not unique to Portola.   - crowd: I felt like people at portola are generally more mellow compared to other festivals. I wouldn’t expect moshing or people getting super “hype” or anything like that. Tbf the lineup doesn’t really call for that anyways.   Is VIP worth it?  - I don’t think so, unless you wanna get super close to the artists performing. I didn’t feel like the lines to get into the venue or use the bathrooms were bad at all, and it’s not overcrowded, so idk if the VIP price tag is really worth it.   I hope this helps with making your decision!! I really love Portola, the lineup is super sick, the vibes are great, and you get to visit SF again!"
2025-05-19,Coachella,"[https://www.bbc.com/news/articles/c787j90wp6po](https://www.bbc.com/news/articles/c787j90wp6po)    ""According to its website, the ARC clinic is the first full-service fertility centre and IVF lab in the Coachella Valley.  It offers services including fertility evaluations, IVF, egg donation and freezing, reproductive support for same-sex couples and surrogacy."""
2025-05-19,Coachella,"Oh, look, you don't have a source, and I do.      [https://www.bbc.com/news/articles/c787j90wp6po](https://www.bbc.com/news/articles/c787j90wp6po)    ""According to its website, the ARC clinic is the first full-service fertility centre and IVF lab in the Coachella Valley.  It offers services including fertility evaluations, IVF, egg donation and freezing, reproductive support for same-sex couples and surrogacy.""  So, you're claiming the ""left"" bombed a clinic that supports same-sex couples making/getting children? You might want to actually read."
2025-05-19,Coachella,They were all over Coachella last year and did a bunch of the official influencer after parties which is a sign to me of what market they've captured
2025-05-19,Coachella,"One of their hometown friends, he was at coachella"
2025-05-19,Coachella,"Coachella has an exclusive bar area with similar or even higher prices, I think it’s the rell bull mirage"
2025-05-19,Coachella,I mean... Deadmau5 did the same after he made homophobic comments on Twitch. I think hes still banned (and now Coachella probably).
2025-05-19,Coachella,"I mean, he drinks until hes intoxicated at most of his sets so not surprised. Hes lucky Pasquale hasnt banned him after the Coachella fiasco."
2025-05-19,Coachella,"Wear what is comfortable and feels authentic to you. Whatever you first choose. It’s fine to werk a look, but this isn’t a Coachella costume contest, nor a Berlin all-black and kink gear uniform situation. Comfortable and casual, don’t try too hard."
2025-05-19,Coachella,Just go and figure shit out on the fly. It's just a little concert at a park not Coachella lol  I can't believe they even have maps now. I mean you can walk from one into the park to the other end in like 30 seconds lol 😂   Yeah let's put maps in the world's smallest park
2025-05-19,Coachella,"""Fuck Bernie"" and ""Bernie and AOC are trash"" have no upvotes and everyone in the comments are disagreeing with them.  Bernie at Coachella is literally just about him making an appearance, not negative or positive.  The last 2 are very nuanced takes about what Bernie is doing with his platform with how he talks about Palestinian liberation. They don't hate him, they're just angry that he his doing poorly with his demographics because of what he is saying about Gaza and Israel."
